{"cameraMode":{"drawMode":0,"name":"Shaded","section":"Shading Mode"},"sceneLighting":true,"audioPlay":false,"sceneViewState":{"showFog":true,"showMaterialUpdate":true,"showSkybox":false,"showFlares":true,"showImageEffects":true,"showParticleSystems":true},"in2DMode":false,"pivot":{"x":-2.8469431400299074,"y":0.9598503112792969,"z":2.2039530277252199},"rotation":{"x":-0.11604416370391846,"y":0.6659804582595825,"z":-0.10597924888134003,"w":-0.729227602481842},"size":21.311914443969728,"orthographic":false}