{"cameraMode":{"drawMode":0,"name":"Shaded","section":"Shading Mode"},"sceneLighting":true,"audioPlay":false,"sceneViewState":{"showFog":true,"showMaterialUpdate":true,"showSkybox":false,"showFlares":true,"showImageEffects":true,"showParticleSystems":true},"in2DMode":false,"pivot":{"x":-1.9961669445037842,"y":1.905003309249878,"z":2.451765298843384},"rotation":{"x":0.03218011558055878,"y":-0.6719570159912109,"z":0.02924926020205021,"w":0.7393171787261963},"size":1.2257304191589356,"orthographic":false}