{"cameraMode":{"drawMode":0,"name":"Shaded","section":"Shading Mode"},"sceneLighting":true,"audioPlay":false,"sceneViewState":{"showFog":true,"showMaterialUpdate":true,"showSkybox":false,"showFlares":true,"showImageEffects":true,"showParticleSystems":true},"in2DMode":false,"pivot":{"x":-34.73213195800781,"y":20.728435516357423,"z":-47.91875076293945},"rotation":{"x":0.16173183917999268,"y":0.33454644680023196,"z":-0.058395422995090488,"w":0.9265609979629517},"size":28.866268157958986,"orthographic":false}