{"cameraMode":{"drawMode":0,"name":"Shaded","section":"Shading Mode"},"sceneLighting":true,"audioPlay":false,"sceneViewState":{"showFog":true,"showMaterialUpdate":true,"showSkybox":true,"showFlares":true,"showImageEffects":true,"showParticleSystems":true},"in2DMode":false,"pivot":{"x":19.471237182617189,"y":35.26630401611328,"z":-4.490075588226318},"rotation":{"x":0.3976041376590729,"y":-0.0035788812674582006,"z":0.0015579259488731623,"w":0.9175680875778198},"size":0.5742696523666382,"orthographic":false}