{"cameraMode":{"drawMode":0,"name":"Shaded","section":"Shading Mode"},"sceneLighting":true,"audioPlay":false,"sceneViewState":{"showFog":true,"showMaterialUpdate":true,"showSkybox":false,"showFlares":true,"showImageEffects":true,"showParticleSystems":true},"in2DMode":false,"pivot":{"x":-6.868541240692139,"y":2.1266274452209474,"z":-4.4647722244262699},"rotation":{"x":-0.000912941584829241,"y":0.9529111981391907,"z":-0.0028677473310381176,"w":-0.3032483160495758},"size":7.178028106689453,"orthographic":false}